id,lastname,firstname,email,registrationnumber
1,Remon,Aida,aremon0@usgs.gov,244
2,Martynov,Cob,cmartynov1@vimeo.com,4949
3,Vaughan,Marge,mvaughan2@fotki.com,1953
4,Morilla,Allard,amorilla3@blogs.com,2050
5,MacCarlich,Carine,cmaccarlich4@purevolume.com,605
6,Munford,Kissiah,kmunford5@dmoz.org,4680
7,Moyle,Nathanil,nmoyle6@ed.gov,384
8,Mueller,Hilde,hmueller7@goo.gl,1458
9,Hammersley,Betteanne,bhammersley8@creativecommons.org,2399
10,Leggitt,Fawnia,fleggitt9@google.cn,444
11,Rutherforth,Ervin,erutherfortha@ehow.com,4178
12,Lemmen,Obidiah,olemmenb@globo.com,4650
13,Hallor,Tully,thallorc@theglobeandmail.com,437
14,Tramel,Kimmy,ktrameld@live.com,1876
15,Hancke,Leoine,lhanckee@tiny.cc,499
16,Sheran,Halli,hsheranf@amazonaws.com,3386
17,Fillingham,Rory,rfillinghamg@freewebs.com,3957
18,Rebbeck,Mirabella,mrebbeckh@addtoany.com,2907
19,Mollindinia,Georgina,gmollindiniai@symantec.com,2953
20,Lepper,Case,clepperj@alexa.com,3057
21,Keepe,Yolanthe,ykeepek@indiatimes.com,4753
22,Mylechreest,Caspar,cmylechreestl@cisco.com,879
23,Broadstock,Anissa,abroadstockm@ucoz.com,2718
24,Ivashev,Zonda,zivashevn@nytimes.com,104
25,Wigelsworth,Kerstin,kwigelswortho@jalbum.net,815
26,Tunnadine,Madeleine,mtunnadinep@printfriendly.com,4079
27,Aymerich,Jania,jaymerichq@telegraph.co.uk,3020
28,Amori,Alexine,aamorir@walmart.com,1929
29,Clausen-Thue,Roobbie,rclausenthues@nature.com,4886
30,Tiley,Brooke,btileyt@wufoo.com,1517
31,Marcroft,Lindsey,lmarcroftu@woothemes.com,772
32,Lawrinson,Viviyan,vlawrinsonv@freewebs.com,554
33,Upham,Jonah,juphamw@mit.edu,4248
34,Feasey,Sybila,sfeaseyx@scribd.com,3276
35,Scholte,Bernette,bscholtey@blogger.com,1254
36,Kearney,Kyrstin,kkearneyz@imdb.com,1443
37,Blandford,Selby,sblandford10@washingtonpost.com,783
38,Bellward,Mara,mbellward11@facebook.com,4887
39,Bulluck,Kinny,kbulluck12@cbsnews.com,1290
40,Spiby,Briant,bspiby13@flavors.me,889
41,McBoyle,Ives,imcboyle14@addthis.com,4169
42,Cowin,Urbanus,ucowin15@ow.ly,3934
43,Mapholm,Salome,smapholm16@unc.edu,4732
44,Pilipets,Tobi,tpilipets17@slashdot.org,654
45,Robard,Cully,crobard18@cornell.edu,1033
46,Oganian,Honor,hoganian19@behance.net,4789
47,Prop,Darrin,dprop1a@yellowpages.com,3527
48,Bousler,Ingar,ibousler1b@cloudflare.com,2902
49,Todari,Cassie,ctodari1c@ucoz.ru,1715
50,Douse,Lynnett,ldouse1d@msu.edu,1675
51,Weyland,Glori,gweyland1e@symantec.com,4566
52,Geach,Eduino,egeach1f@wordpress.com,18
53,Trematick,Giuditta,gtrematick1g@reuters.com,3695
54,Hinrich,Jayme,jhinrich1h@oracle.com,4086
55,Bails,Silva,sbails1i@berkeley.edu,1374
56,Minney,Cordell,cminney1j@vistaprint.com,719
57,Salaman,Lesley,lsalaman1k@sphinn.com,2509
58,Hendrickx,Laina,lhendrickx1l@joomla.org,408
59,Grindell,Bengt,bgrindell1m@wix.com,3627
60,Walklott,Meredeth,mwalklott1n@about.me,4183
61,Cranmor,Gale,gcranmor1o@wisc.edu,4861
62,Eliyahu,Sonja,seliyahu1p@360.cn,3316
63,Beggin,Charo,cbeggin1q@tumblr.com,3952
64,Union,Lennie,lunion1r@dailymail.co.uk,232
65,Keneforde,Ashlan,akeneforde1s@ucsd.edu,1479
66,McClymont,Nance,nmcclymont1t@stanford.edu,4956
67,Dowdeswell,Jayme,jdowdeswell1u@flavors.me,968
68,Chessman,Flory,fchessman1v@flavors.me,4243
69,Bewsy,Skippie,sbewsy1w@ca.gov,3823
70,Schukraft,Cari,cschukraft1x@ifeng.com,414
71,Shoebottom,Cheston,cshoebottom1y@ifeng.com,2309
72,Laxon,Georgeta,glaxon1z@g.co,1869
73,Delagnes,Sasha,sdelagnes20@squarespace.com,2230
74,Gounin,Goddard,ggounin21@usatoday.com,1080
75,Leethem,Kaile,kleethem22@ucsd.edu,2310
76,Josipovic,Zach,zjosipovic23@theatlantic.com,1008
77,Raycroft,Aurel,araycroft24@wordpress.com,2784
78,Colcutt,Rivy,rcolcutt25@techcrunch.com,2289
79,Hartright,Osmond,ohartright26@utexas.edu,4075
80,Cheng,Celia,ccheng27@cmu.edu,4975
81,Cogdell,Wernher,wcogdell28@ow.ly,4931
82,Pleass,Abraham,apleass29@free.fr,1529
83,Mease,Ethelbert,emease2a@livejournal.com,566
84,Petyt,Clarence,cpetyt2b@pbs.org,871
85,Seals,Damien,dseals2c@cyberchimps.com,1308
86,Perfect,Neala,nperfect2d@zimbio.com,1635
87,Halvosen,Brita,bhalvosen2e@youtube.com,3552
88,MacMickan,Craig,cmacmickan2f@youku.com,4892
89,Button,Renaud,rbutton2g@google.com,1059
90,Goodredge,Joshua,jgoodredge2h@printfriendly.com,3678
91,Everest,Deloria,deverest2i@zdnet.com,2836
92,Huckle,Marinna,mhuckle2j@angelfire.com,1094
93,Hebblewhite,Sloane,shebblewhite2k@un.org,2417
94,Bourchier,Trueman,tbourchier2l@skyrock.com,4001
95,Tures,Hi,htures2m@cnbc.com,1366
96,Capelen,Elane,ecapelen2n@imdb.com,2751
97,Doneld,Danielle,ddoneld2o@forbes.com,100
98,Burner,Josiah,jburner2p@ed.gov,3686
99,Yankin,Glynda,gyankin2q@soundcloud.com,1459
100,O'Dyvoie,Maire,modyvoie2r@japanpost.jp,2246
101,Denyer,Stefano,sdenyer2s@nih.gov,1001
102,Inglefield,Carny,cinglefield2t@go.com,3806
103,Rought,Janet,jrought2u@ning.com,1669
104,Timbrell,Jamaal,jtimbrell2v@biblegateway.com,2724
105,Quickenden,Darda,dquickenden2w@typepad.com,1315
106,McInility,Kennett,kmcinility2x@washington.edu,4515
107,Threadkell,Kimbra,kthreadkell2y@vistaprint.com,2887
108,Scotland,Elena,escotland2z@google.it,4404
109,Schaumaker,Arleta,aschaumaker30@chicagotribune.com,3103
110,Hayers,Theodosia,thayers31@rambler.ru,4477
111,Milne,Ursuline,umilne32@ebay.co.uk,1852
112,Simondson,Thelma,tsimondson33@youtu.be,1629
113,Twining,Augusta,atwining34@guardian.co.uk,1241
114,Brownsmith,Emiline,ebrownsmith35@jalbum.net,3816
115,Casterot,Micky,mcasterot36@cnn.com,3779
116,Trousdale,Reuven,rtrousdale37@cocolog-nifty.com,4730
117,Blandford,Nance,nblandford38@comsenz.com,4554
118,Gruszka,Eleonora,egruszka39@theatlantic.com,1649
119,Lordon,Lonna,llordon3a@sourceforge.net,958
120,Marchington,Lawrence,lmarchington3b@weather.com,2415
121,Drinkhall,Erwin,edrinkhall3c@newyorker.com,647
122,Seegar,Ilyse,iseegar3d@un.org,4223
123,Calles,Elita,ecalles3e@utexas.edu,3513
124,Skellen,Reggy,rskellen3f@photobucket.com,3649
125,Pash,Dewie,dpash3g@e-recht24.de,3410
126,McKinna,Ashton,amckinna3h@ted.com,1458
127,Liff,Sonny,sliff3i@wufoo.com,1277
128,Mico,Gerome,gmico3j@marriott.com,2080
129,Duny,Amelia,aduny3k@princeton.edu,1373
130,Gierok,Freeland,fgierok3l@buzzfeed.com,207
131,Semor,Evaleen,esemor3m@constantcontact.com,691
132,McGillicuddy,Hunt,hmcgillicuddy3n@ameblo.jp,1686
133,Duell,Mamie,mduell3o@diigo.com,1605
134,Pettinger,Grissel,gpettinger3p@comsenz.com,168
135,Gummery,Dall,dgummery3q@irs.gov,3849
136,McEvon,Ingeberg,imcevon3r@nhs.uk,2623
137,Rubie,Cherye,crubie3s@twitpic.com,4810
138,Gemmell,Tandy,tgemmell3t@i2i.jp,318
139,Brophy,Jill,jbrophy3u@soundcloud.com,2946
140,Dobson,Tommie,tdobson3v@msn.com,4038
141,Elton,Cassi,celton3w@multiply.com,2184
142,Body,Evin,ebody3x@samsung.com,2160
143,Hauch,Aaren,ahauch3y@bloglovin.com,1551
144,Bausor,Susann,sbausor3z@icq.com,2950
145,Siggins,Sianna,ssiggins40@telegraph.co.uk,1949
146,Crowdace,Marilin,mcrowdace41@webs.com,1657
147,Grundy,Devina,dgrundy42@slate.com,2774
148,Chatband,Shina,schatband43@t.co,195
149,Domenico,Cammy,cdomenico44@symantec.com,2557
150,Zum Felde,Giana,gzumfelde45@shop-pro.jp,4824
151,Hurton,Orelie,ohurton46@wikispaces.com,4169
152,Roll,Daffy,droll47@springer.com,3803
153,Hixley,Yuma,yhixley48@reference.com,2699
154,Dorrington,Aile,adorrington49@sphinn.com,3755
155,MacGillespie,Arlee,amacgillespie4a@mail.ru,3650
156,Peet,Lynne,lpeet4b@nba.com,4154
157,Kelsey,Melany,mkelsey4c@nhs.uk,2587
158,Clampe,Raynor,rclampe4d@ft.com,1855
159,Halstead,Emelita,ehalstead4e@qq.com,3227
160,Goldsberry,Jami,jgoldsberry4f@ow.ly,2771
161,Slym,Allistir,aslym4g@geocities.jp,70
162,Maleham,Gunar,gmaleham4h@rakuten.co.jp,4982
163,Aronowitz,Devon,daronowitz4i@mit.edu,4151
164,Mottinelli,Milty,mmottinelli4j@xrea.com,700
165,Megahey,Riva,rmegahey4k@imgur.com,279
166,Pountney,Trey,tpountney4l@jigsy.com,30
167,Jaksic,Madonna,mjaksic4m@noaa.gov,1346
168,Ohms,Ellerey,eohms4n@exblog.jp,3763
169,Brinklow,Hamid,hbrinklow4o@mozilla.com,2461
170,Karppi,Flora,fkarppi4p@nifty.com,2241
171,Sherel,Melisent,msherel4q@canalblog.com,1215
172,Bazoche,Ashly,abazoche4r@artisteer.com,1032
173,Tithecott,Elfie,etithecott4s@squarespace.com,1054
174,Greenrodd,Ardys,agreenrodd4t@csmonitor.com,3608
175,Ketcher,Libbie,lketcher4u@flickr.com,2110
176,Marchington,Issiah,imarchington4v@nps.gov,2339
177,Merwede,Kayley,kmerwede4w@fema.gov,4888
178,Whetnall,Sandy,swhetnall4x@google.com,2575
179,Heeran,Selina,sheeran4y@is.gd,2798
180,Paye,Willabella,wpaye4z@odnoklassniki.ru,929
181,McGawn,Calv,cmcgawn50@dyndns.org,1390
182,Fulop,Remus,rfulop51@netvibes.com,4179
183,Kennea,Paddie,pkennea52@cbsnews.com,2775
184,Eastment,Val,veastment53@mapquest.com,2333
185,Derx,Kayne,kderx54@bigcartel.com,2805
186,Blacksell,Rory,rblacksell55@apache.org,1024
187,Frowd,Pavla,pfrowd56@ca.gov,3463
188,Troman,Bonnee,btroman57@theguardian.com,4458
189,Uttermare,Luise,luttermare58@usnews.com,4729
190,Poxton,Ediva,epoxton59@acquirethisname.com,2950
191,Botright,Noemi,nbotright5a@chicagotribune.com,447
192,Casson,Henri,hcasson5b@last.fm,1451
193,Kermannes,Hobard,hkermannes5c@youtu.be,72
194,Cranson,Franzen,fcranson5d@biblegateway.com,243
195,Ollenbuttel,Ferrell,follenbuttel5e@hp.com,1032
196,Glaze,Trumann,tglaze5f@spotify.com,3459
197,Orthmann,Zelma,zorthmann5g@gmpg.org,1097
198,Bunch,Baxy,bbunch5h@dagondesign.com,3626
199,Hanford,Maryl,mhanford5i@sakura.ne.jp,1264
200,Despenser,Neala,ndespenser5j@jimdo.com,1371
201,Haverson,Fitzgerald,fhaverson5k@hostgator.com,2394
202,Asipenko,Link,lasipenko5l@blog.com,289
203,Boissier,Geno,gboissier5m@godaddy.com,338
204,Regler,Lacee,lregler5n@live.com,916
205,Fairtlough,Maurita,mfairtlough5o@google.pl,4542
206,Standrin,Valentina,vstandrin5p@sourceforge.net,2584
207,Morkham,Willi,wmorkham5q@51.la,2
208,Lenaghen,Rebeca,rlenaghen5r@sciencedaily.com,2047
209,Copson,Gaston,gcopson5s@geocities.com,1902
210,Duer,Robbie,rduer5t@baidu.com,3530
211,Keat,Anselm,akeat5u@smh.com.au,1839
212,Demsey,Leupold,ldemsey5v@wisc.edu,3436
213,Chazerand,Bobby,bchazerand5w@reference.com,1969
214,Chopping,Antons,achopping5x@hhs.gov,814
215,Scanes,Valenka,vscanes5y@jiathis.com,696
216,Gatland,Syd,sgatland5z@meetup.com,3185
217,Felce,Dinnie,dfelce60@aboutads.info,4134
218,Balharrie,Delaney,dbalharrie61@macromedia.com,3487
219,Screen,Morly,mscreen62@goo.gl,2176
220,Zecchinelli,Yardley,yzecchinelli63@seattletimes.com,2748
221,Hillburn,Brett,bhillburn64@trellian.com,4473
222,Gladeche,Giulietta,ggladeche65@ning.com,2930
223,Loseby,Nadia,nloseby66@ezinearticles.com,4246
224,Blainey,Arlena,ablainey67@purevolume.com,3293
225,Boissier,Etti,eboissier68@blogspot.com,1371
226,Papierz,Rana,rpapierz69@skyrock.com,1654
227,Lesley,Noelani,nlesley6a@cmu.edu,2382
228,Silverstone,Daffie,dsilverstone6b@wunderground.com,2626
229,Ruffell,Marco,mruffell6c@wikia.com,3425
230,Sexten,Walton,wsexten6d@cbc.ca,3869
231,Abilowitz,Martguerita,mabilowitz6e@theatlantic.com,4749
232,Durrell,Kelcy,kdurrell6f@mashable.com,1828
233,Castagnet,Olga,ocastagnet6g@mozilla.org,3100
234,Joselevitch,Rivi,rjoselevitch6h@ameblo.jp,1442
235,Crighton,Garland,gcrighton6i@umn.edu,2504
236,Giacomelli,Basile,bgiacomelli6j@google.co.uk,3045
237,Sneesby,Grady,gsneesby6k@dagondesign.com,1004
238,Sextie,Helaina,hsextie6l@examiner.com,2707
239,Dibbin,Lazar,ldibbin6m@ted.com,874
240,Featherby,Erma,efeatherby6n@gmpg.org,681
241,Udie,Eddie,eudie6o@digg.com,593
242,Strewther,Thorndike,tstrewther6p@who.int,4651
243,Cuesta,Nickolas,ncuesta6q@bigcartel.com,2796
244,Slyme,Brandon,bslyme6r@sbwire.com,2665
245,Culham,Chip,cculham6s@uol.com.br,3075
246,Hulburt,Arnaldo,ahulburt6t@rambler.ru,178
247,Caley,Harwell,hcaley6u@dagondesign.com,2507
248,Druhan,Cordelie,cdruhan6v@ucsd.edu,2055
249,Hammand,Scarlet,shammand6w@symantec.com,2938
250,Brackpool,Hadrian,hbrackpool6x@redcross.org,4054
251,Stichel,Josephine,jstichel6y@chronoengine.com,1112
252,Pozzo,Nickolas,npozzo6z@apple.com,4358
253,Doyle,Lefty,ldoyle70@webmd.com,936
254,Butterley,Melinde,mbutterley71@github.com,3304
255,Muncer,Blane,bmuncer72@prlog.org,4168
256,Dallewater,Cele,cdallewater73@baidu.com,2707
257,Sallinger,Waring,wsallinger74@istockphoto.com,1416
258,Whitchurch,Freddie,fwhitchurch75@china.com.cn,2063
259,de Lloyd,Spenser,sdelloyd76@people.com.cn,3806
260,Smeed,Blanca,bsmeed77@comcast.net,3337
261,Dowdam,Louisette,ldowdam78@bbc.co.uk,2989
262,Ellerby,Germana,gellerby79@sbwire.com,2246
263,Levine,Wylma,wlevine7a@artisteer.com,1293
264,Westfield,Giusto,gwestfield7b@ucoz.ru,4275
265,Belderfield,Ambrosi,abelderfield7c@indiegogo.com,3501
266,Impson,Marys,mimpson7d@hud.gov,2111
267,Proby,Nelie,nproby7e@networksolutions.com,701
268,Warlton,Renato,rwarlton7f@pinterest.com,1251
269,Kenwrick,Lindy,lkenwrick7g@shop-pro.jp,1673
270,Westphal,Rafaelia,rwestphal7h@jiathis.com,995
271,Knoles,Raeann,rknoles7i@senate.gov,3766
272,Greschik,Gerrie,ggreschik7j@census.gov,1365
273,Skule,Jozef,jskule7k@wikimedia.org,2140
274,Cutforth,Domeniga,dcutforth7l@aboutads.info,617
275,Goody,Carissa,cgoody7m@hugedomains.com,1303
276,Strickett,Vita,vstrickett7n@spiegel.de,1067
277,Bartles,Lanny,lbartles7o@nature.com,2444
278,Tibbs,Jonah,jtibbs7p@acquirethisname.com,2050
279,Widd,Gris,gwidd7q@ucoz.ru,2337
280,Ruzicka,Jerrilee,jruzicka7r@hexun.com,1867
281,Baines,Stevana,sbaines7s@aol.com,785
282,Weatherall,Melva,mweatherall7t@eepurl.com,4342
283,Chaffer,Lew,lchaffer7u@reuters.com,635
284,McMinn,Clair,cmcminn7v@deviantart.com,4871
285,Ondricek,Arlie,aondricek7w@wisc.edu,1365
286,Laidler,Ogden,olaidler7x@rambler.ru,3585
287,Arpur,Karlyn,karpur7y@yelp.com,4269
288,Bonifazio,Nannette,nbonifazio7z@europa.eu,185
289,Limon,Tobin,tlimon80@chron.com,2029
290,Van den Velde,Nomi,nvandenvelde81@china.com.cn,1482
291,Schumacher,Teodoor,tschumacher82@loc.gov,1099
292,Doidge,Chas,cdoidge83@hatena.ne.jp,1794
293,Fonteyne,Nickey,nfonteyne84@google.co.uk,3791
294,Ortzen,Cassie,cortzen85@biglobe.ne.jp,447
295,Ilsley,Patrice,pilsley86@omniture.com,3407
296,Chaimson,Bram,bchaimson87@state.gov,3947
297,Bryant,Iseabal,ibryant88@epa.gov,198
298,Coakley,Grannie,gcoakley89@smugmug.com,2010
299,Folan,Nanni,nfolan8a@npr.org,674
300,Tunnicliffe,Chelsy,ctunnicliffe8b@goodreads.com,1842
301,Tezure,Louella,ltezure8c@google.pl,3408
302,Trewinnard,Tabb,ttrewinnard8d@alibaba.com,4449
303,Gudge,Abigale,agudge8e@shutterfly.com,4341
304,Schaffel,Fara,fschaffel8f@psu.edu,1645
305,Balint,Ellis,ebalint8g@typepad.com,4943
306,Grossman,Rene,rgrossman8h@myspace.com,3829
307,Kynman,Blanch,bkynman8i@princeton.edu,4880
308,Silverton,Milka,msilverton8j@reverbnation.com,4865
309,Conkey,Marcie,mconkey8k@delicious.com,403
310,Brotheridge,Mariele,mbrotheridge8l@livejournal.com,3211
311,Baldry,Rafferty,rbaldry8m@ftc.gov,1205
312,Burwin,Melita,mburwin8n@symantec.com,4676
313,Dunrige,Andrej,adunrige8o@skype.com,4514
314,Yendall,Zolly,zyendall8p@google.fr,412
315,Berthomier,Dasha,dberthomier8q@shareasale.com,1929
316,Bruhn,Lucius,lbruhn8r@nationalgeographic.com,4238
317,Elgey,Gratia,gelgey8s@naver.com,1713
318,Gogarty,Ambrosi,agogarty8t@4shared.com,2632
319,Aynsley,Nanni,naynsley8u@fotki.com,53
320,Burdon,Carroll,cburdon8v@yelp.com,2135
321,Wych,Rhonda,rwych8w@nature.com,4030
322,McPherson,Eldridge,emcpherson8x@yolasite.com,2755
323,Withnall,Koralle,kwithnall8y@hatena.ne.jp,4624
324,Trimmill,Merrie,mtrimmill8z@sogou.com,531
325,Sjostrom,Hestia,hsjostrom90@loc.gov,4450
326,McComiskey,Trixy,tmccomiskey91@google.es,1672
327,Lerwell,Arda,alerwell92@dmoz.org,1293
328,Jollands,Abraham,ajollands93@creativecommons.org,105
329,Primett,Lettie,lprimett94@wikimedia.org,4048
330,Minney,Carlos,cminney95@msn.com,2114
331,Nare,Adelaida,anare96@ox.ac.uk,4792
332,Schwand,Hyacinthe,hschwand97@photobucket.com,257
333,Mallia,Kipper,kmallia98@amazon.de,2457
334,Aspinal,Alie,aaspinal99@tiny.cc,2609
335,Frith,Mireielle,mfrith9a@examiner.com,913
336,Hubbis,Halie,hhubbis9b@about.me,748
337,MacWhan,Toddie,tmacwhan9c@nasa.gov,3015
338,Sydry,Kristy,ksydry9d@a8.net,1564
339,Biggin,Kenon,kbiggin9e@samsung.com,2742
340,Algy,Marion,malgy9f@hugedomains.com,4553
341,Scarth,Katey,kscarth9g@ning.com,1683
342,Pittendreigh,Gayelord,gpittendreigh9h@howstuffworks.com,4154
343,Norkett,Annice,anorkett9i@gizmodo.com,1835
344,Boncoeur,Barb,bboncoeur9j@sciencedirect.com,4690
345,Colbertson,Jodie,jcolbertson9k@spotify.com,836
346,Moine,Cleon,cmoine9l@multiply.com,4527
347,Hasney,Sharai,shasney9m@oaic.gov.au,383
348,Ivashkin,Corrinne,civashkin9n@pinterest.com,1323
349,Alflat,Elyse,ealflat9o@facebook.com,2514
350,Concannon,Nye,nconcannon9p@pbs.org,3625
351,Moyle,See,smoyle9q@unc.edu,715
352,Sparwell,Tiff,tsparwell9r@flavors.me,31
353,Becconsall,Osmund,obecconsall9s@foxnews.com,3893
354,Sone,Niels,nsone9t@sciencedaily.com,1535
355,Drawmer,Diann,ddrawmer9u@foxnews.com,2151
356,Harbin,Tamra,tharbin9v@youtube.com,3380
357,Hindes,Flin,fhindes9w@studiopress.com,3318
358,Northfield,Eolanda,enorthfield9x@blinklist.com,4796
359,Instock,Quintina,qinstock9y@nasa.gov,4630
360,Stickels,Foss,fstickels9z@npr.org,3032
361,Slorance,Collie,cslorancea0@ning.com,1054
362,Foukx,Ewart,efoukxa1@alibaba.com,2223
363,Titterrell,Hube,htitterrella2@surveymonkey.com,3145
364,Eggar,Sapphira,seggara3@liveinternet.ru,935
365,Northcott,Cristen,cnorthcotta4@jigsy.com,3524
366,Franzonetti,Andrei,afranzonettia5@dyndns.org,3333
367,Paz,Thea,tpaza6@guardian.co.uk,3081
368,Sinson,Brunhilda,bsinsona7@wikispaces.com,4428
369,Loren,Sidnee,slorena8@chron.com,3711
370,Stoop,Lelah,lstoopa9@flavors.me,443
371,Fairrie,Charil,cfairrieaa@epa.gov,1588
372,Summerell,Clarita,csummerellab@newyorker.com,1570
373,Scrivenor,Juliane,jscrivenorac@macromedia.com,2925
374,Dasent,Kelwin,kdasentad@ox.ac.uk,3178
375,McCooke,Vitia,vmccookeae@jiathis.com,1176
376,Cobbing,Meghann,mcobbingaf@vistaprint.com,1598
377,Durnford,Heall,hdurnfordag@patch.com,3928
378,Ciubutaro,Pavla,pciubutaroah@washington.edu,2482
379,Bartoleyn,Jacquenetta,jbartoleynai@tmall.com,144
380,Matanin,Uriah,umataninaj@columbia.edu,3528
381,Espinas,Elsinore,eespinasak@smh.com.au,2492
382,Shreeves,Rance,rshreevesal@drupal.org,3018
383,Dunmore,Pietrek,pdunmoream@comcast.net,4923
384,Martusov,Sigismundo,smartusovan@geocities.com,4503
385,Gallanders,Maryann,mgallandersao@bravesites.com,2963
386,Parnall,Chickie,cparnallap@statcounter.com,2294
387,Riediger,Libbey,lriedigeraq@tripadvisor.com,1410
388,Statersfield,Stanford,sstatersfieldar@spotify.com,2585
389,Slayford,Tiphany,tslayfordas@elegantthemes.com,4125
390,Powner,Matti,mpownerat@amazon.com,126
391,Francesco,Mandi,mfrancescoau@home.pl,1600
392,Klees,Laurent,lkleesav@pcworld.com,2204
393,Evelyn,Deerdre,develynaw@plala.or.jp,1055
394,Bagguley,Marybeth,mbagguleyax@rakuten.co.jp,44
395,Michal,Yorke,ymichalay@ustream.tv,4682
396,Saphin,Royal,rsaphinaz@nps.gov,1756
397,Giddins,Cosmo,cgiddinsb0@comsenz.com,177
398,Long,Roberto,rlongb1@networksolutions.com,4172
399,Sainer,Katherine,ksainerb2@imdb.com,2552
400,Attarge,Isidoro,iattargeb3@furl.net,4464
401,Somersett,Shay,ssomersettb4@plala.or.jp,4634
402,Golbourn,Luis,lgolbournb5@nsw.gov.au,4645
403,Aizikovich,Halley,haizikovichb6@hostgator.com,2626
404,Gitting,Ranice,rgittingb7@qq.com,949
405,Wellesley,Kizzee,kwellesleyb8@ameblo.jp,3586
406,Pilmoor,Ravi,rpilmoorb9@taobao.com,3794
407,Briers,Arlen,abriersba@ycombinator.com,3438
408,Jemison,Clarette,cjemisonbb@google.it,4921
409,Ohrtmann,Kalila,kohrtmannbc@altervista.org,1738
410,Shimwall,Ana,ashimwallbd@privacy.gov.au,3879
411,Moneti,Grantley,gmonetibe@tripod.com,1079
412,Siddaley,Kimmy,ksiddaleybf@patch.com,4065
413,Ganter,Heda,hganterbg@miibeian.gov.cn,1068
414,Andell,Ludvig,landellbh@time.com,4723
415,Agneau,Nelia,nagneaubi@cbslocal.com,1957
416,Ormesher,Isidore,iormesherbj@ftc.gov,4059
417,Peascod,Hansiain,hpeascodbk@paginegialle.it,4370
418,Schulter,Al,aschulterbl@ucla.edu,1842
419,Durdan,Nicki,ndurdanbm@phpbb.com,602
420,Sumshon,Arri,asumshonbn@slate.com,2981
421,Taye,Gwenora,gtayebo@chronoengine.com,1422
422,Matej,Somerset,smatejbp@drupal.org,1344
423,De Meis,Immanuel,idemeisbq@illinois.edu,4967
424,Novelli,Adriane,anovellibr@1688.com,185
425,Lynnitt,Theresita,tlynnittbs@ftc.gov,4319
426,Blenkinship,Merrill,mblenkinshipbt@nature.com,2720
427,De Freyne,Dewitt,ddefreynebu@who.int,4639
428,Challenger,Beatrisa,bchallengerbv@bluehost.com,1722
429,Allsepp,Conny,callseppbw@census.gov,2910
430,Schiersch,Merell,mschierschbx@hc360.com,990
431,Hinksen,Danya,dhinksenby@discuz.net,4998
432,Patridge,Dene,dpatridgebz@umn.edu,1547
433,Silvers,Susana,ssilversc0@apple.com,2946
434,Ponceford,Alistair,aponcefordc1@sfgate.com,1668
435,Trowsdale,Trisha,ttrowsdalec2@nhs.uk,3440
436,Chill,Humfried,hchillc3@xing.com,280
437,Chessun,Katinka,kchessunc4@house.gov,1605
438,Calcutt,Woodrow,wcalcuttc5@hexun.com,3895
439,McClenaghan,Thorn,tmcclenaghanc6@netscape.com,4121
440,Look,Saidee,slookc7@weather.com,3097
441,Beel,Jannel,jbeelc8@ftc.gov,3003
442,Ullyott,Ulberto,uullyottc9@networksolutions.com,2045
443,Tourmell,Inessa,itourmellca@wordpress.org,451
444,Lidell,Lurleen,llidellcb@phpbb.com,2044
445,Alessandretti,Jessee,jalessandretticc@geocities.jp,4226
446,Bevan,Sigfried,sbevancd@alibaba.com,2181
447,Dagless,Dulcie,ddaglessce@ebay.co.uk,521
448,Boothebie,Hyman,hboothebiecf@people.com.cn,3471
449,Caurah,Gwenore,gcaurahcg@nymag.com,1702
450,Steuart,Roley,rsteuartch@sourceforge.net,2799
451,Meaker,Pietrek,pmeakerci@flickr.com,1381
452,Devonald,Athena,adevonaldcj@elegantthemes.com,3037
453,Pichmann,Paulo,ppichmannck@google.com,1480
454,David,Lane,ldavidcl@intel.com,4640
455,Pallatina,Ame,apallatinacm@pagesperso-orange.fr,1705
456,Brighty,Wendell,wbrightycn@people.com.cn,1851
457,Burroughes,Fanchon,fburroughesco@clickbank.net,4576
458,Beswetherick,Adham,abeswetherickcp@livejournal.com,642
459,Alban,Kamila,kalbancq@163.com,873
460,Maine,Aggie,amainecr@ehow.com,3736
461,MacAllen,Ursola,umacallencs@sun.com,412
462,Forber,Libbey,lforberct@ebay.co.uk,141
463,Broader,Russell,rbroadercu@wordpress.com,3630
464,Butterfill,Martina,mbutterfillcv@stumbleupon.com,1930
465,Overall,Yard,yoverallcw@gnu.org,3892
466,Impy,Morris,mimpycx@devhub.com,1730
467,Hallihane,Hersch,hhallihanecy@mtv.com,1404
468,Bettis,Fields,fbettiscz@1688.com,2509
469,Smye,Tamas,tsmyed0@51.la,4387
470,Durston,Elene,edurstond1@mapquest.com,3818
471,Pavey,Hew,hpaveyd2@over-blog.com,2315
472,Terry,Arabela,aterryd3@qq.com,3681
473,Wadwell,Belva,bwadwelld4@fastcompany.com,679
474,Tonbye,Burch,btonbyed5@ning.com,2616
475,Gandey,Roxanne,rgandeyd6@liveinternet.ru,1972
476,Spada,April,aspadad7@businessinsider.com,3220
477,Plaid,Arlyn,aplaidd8@umich.edu,4646
478,Lear,Bord,bleard9@cdc.gov,1142
479,Duffitt,Demott,dduffittda@cyberchimps.com,3312
480,Smalecombe,Ulrich,usmalecombedb@amazon.co.uk,193
481,Sturrock,Sondra,ssturrockdc@marketwatch.com,2479
482,Brigdale,Wiatt,wbrigdaledd@ed.gov,4567
483,Stanborough,Adolf,astanboroughde@i2i.jp,3138
484,Wadeling,Sibyl,swadelingdf@hhs.gov,3180
485,Scogin,Tamas,tscogindg@foxnews.com,1933
486,Nunes Nabarro,Zachery,znunesnabarrodh@epa.gov,866
487,Heindrich,Kylie,kheindrichdi@plala.or.jp,104
488,Goward,Fernandina,fgowarddj@odnoklassniki.ru,4451
489,Rattenberie,Glen,grattenberiedk@e-recht24.de,4911
490,MacVean,Tessy,tmacveandl@unblog.fr,4284
491,Phillput,Angeli,aphillputdm@prweb.com,1619
492,Durnill,Portia,pdurnilldn@photobucket.com,4424
493,Oscroft,Becky,boscroftdo@mashable.com,462
494,Hearl,Chester,chearldp@constantcontact.com,669
495,Gullane,Wheeler,wgullanedq@altervista.org,3384
496,Murton,Benn,bmurtondr@taobao.com,1379
497,Hevey,Miguelita,mheveyds@cbsnews.com,3635
498,Roback,Anna-diane,arobackdt@seesaa.net,3163
499,Berardt,Remy,rberardtdu@seattletimes.com,3840
500,Nosworthy,Windy,wnosworthydv@imageshack.us,273
501,Hembrow,Warden,whembrowdw@altervista.org,3548
502,Ilyenko,Berthe,bilyenkodx@g.co,3522
503,Troughton,Tades,ttroughtondy@redcross.org,1977
504,Miko,Cointon,cmikodz@wiley.com,1739
505,Scotter,Kata,kscottere0@cloudflare.com,4208
506,Pindar,Janene,jpindare1@slate.com,3016
507,Azam,Lynna,lazame2@ucsd.edu,2151
508,Fritschel,Jerrilyn,jfritschele3@sina.com.cn,1908
509,Barrick,Millicent,mbarricke4@imdb.com,626
510,Grenshields,Demetris,dgrenshieldse5@uol.com.br,1924
511,Breukelman,Rafaellle,rbreukelmane6@samsung.com,4814
512,Rameau,Derwin,drameaue7@ted.com,1541
513,Bryant,Gustav,gbryante8@4shared.com,69
514,Rays,Jenn,jrayse9@furl.net,3387
515,Wychard,Corny,cwychardea@jimdo.com,1277
516,Lochead,Ignaz,ilocheadeb@boston.com,283
517,Gorry,Malena,mgorryec@opera.com,2516
518,Matelyunas,Glen,gmatelyunased@soundcloud.com,1109
519,McCoy,Boigie,bmccoyee@free.fr,2360
520,Huntley,Zelda,zhuntleyef@reddit.com,2377
521,Grandisson,Yankee,ygrandissoneg@123-reg.co.uk,4232
522,Polding,Eddi,epoldingeh@php.net,3627
523,Leads,Cordell,cleadsei@squarespace.com,2115
524,Fotheringham,Timothy,tfotheringhamej@bluehost.com,3665
525,Izzatt,Shellie,sizzattek@studiopress.com,937
526,Rois,Derward,droisel@cloudflare.com,2577
527,Shepperd,Babbette,bshepperdem@nytimes.com,4427
528,Colmer,Sela,scolmeren@slideshare.net,3677
529,McShirrie,Regina,rmcshirrieeo@bizjournals.com,288
530,McCorley,Doria,dmccorleyep@cpanel.net,2682
531,Moyer,Oralee,omoyereq@fema.gov,1621
532,Lynas,Sutton,slynaser@g.co,3010
533,Greatreax,Kristopher,kgreatreaxes@flavors.me,1645
534,Cotmore,Mike,mcotmoreet@addtoany.com,514
535,Villa,Conrad,cvillaeu@forbes.com,3683
536,Gallafant,Jany,jgallafantev@alibaba.com,4679
537,Rustadge,Marty,mrustadgeew@hp.com,3095
538,Icke,Stacey,sickeex@google.de,2687
539,Aldred,Rafe,raldredey@issuu.com,3091
540,Voisey,Laurie,lvoiseyez@hexun.com,1593
541,Poor,Ignacius,ipoorf0@mayoclinic.com,4408
542,Chanter,Jodie,jchanterf1@pinterest.com,2962
543,Grzegorzewski,Wallis,wgrzegorzewskif2@deviantart.com,1707
544,O'Lochan,Gregoire,golochanf3@4shared.com,4314
545,Peace,Brear,bpeacef4@ted.com,1917
546,Lumsden,Husein,hlumsdenf5@elegantthemes.com,1564
547,Hearnden,Peterus,phearndenf6@newsvine.com,2448
548,Hekkert,Ariela,ahekkertf7@woothemes.com,4847
549,Coke,Lennard,lcokef8@blog.com,3266
550,Atto,Lucretia,lattof9@ihg.com,2242
551,Gregine,Alexi,agreginefa@stumbleupon.com,857
552,Togher,Dell,dtogherfb@jalbum.net,921
553,Kisar,Charley,ckisarfc@altervista.org,4110
554,Eaves,Elliott,eeavesfd@abc.net.au,1697
555,Houlson,Rosemonde,rhoulsonfe@google.de,305
556,Newlands,Udale,unewlandsff@businessinsider.com,4624
557,Kersaw,Katharine,kkersawfg@dell.com,3276
558,Sansbury,Adrea,asansburyfh@nymag.com,463
559,Berndtssen,Chris,cberndtssenfi@hugedomains.com,929
560,Cathee,Rik,rcatheefj@nhs.uk,3269
561,La Grange,Veriee,vlagrangefk@qq.com,3239
562,Pennuzzi,Lorrin,lpennuzzifl@wufoo.com,3307
563,Gally,Aeriela,agallyfm@cbc.ca,3338
564,Sieghard,Barbey,bsieghardfn@discuz.net,2250
565,Margetson,Ambrosius,amargetsonfo@rambler.ru,105
566,Hopkyns,Shantee,shopkynsfp@yellowpages.com,1025
567,Hasty,Bayard,bhastyfq@yahoo.com,222
568,Clow,Gordie,gclowfr@alexa.com,1212
569,Bloomfield,Maddalena,mbloomfieldfs@163.com,552
570,Kippax,Tracie,tkippaxft@mit.edu,2504
571,Nicklen,Ulrich,unicklenfu@mapy.cz,1709
572,Springtorp,Jenn,jspringtorpfv@europa.eu,4430
573,Stain,Harman,hstainfw@digg.com,566
574,Midlane,Jordon,jmidlanefx@privacy.gov.au,4851
575,Nother,Andria,anotherfy@rediff.com,4474
576,Farlham,Veronika,vfarlhamfz@dot.gov,3510
577,Olorenshaw,Merrielle,molorenshawg0@e-recht24.de,4198
578,Coffey,Bidget,bcoffeyg1@studiopress.com,2138
579,Gilders,Bart,bgildersg2@themeforest.net,2491
580,Craik,Humberto,hcraikg3@wp.com,4608
581,Franke,Jeanne,jfrankeg4@unblog.fr,4318
582,McCowan,Daisy,dmccowang5@yellowpages.com,4715
583,Moughtin,Hilarius,hmoughting6@altervista.org,66
584,Brusle,Fransisco,fbrusleg7@wiley.com,528
585,Scahill,Hercule,hscahillg8@about.me,1494
586,Ingyon,Kacey,kingyong9@mail.ru,4207
587,Cowlin,Rey,rcowlinga@about.com,3831
588,Harniman,Corty,charnimangb@biglobe.ne.jp,2552
589,Kesterton,Suzanna,skestertongc@flavors.me,2236
590,Gorling,Perry,pgorlinggd@discuz.net,272
591,Heather,Manolo,mheatherge@twitpic.com,1292
592,Dachs,Adella,adachsgf@tinypic.com,1905
593,Raund,Jody,jraundgg@psu.edu,4201
594,Everley,Reggy,reverleygh@fc2.com,99
595,McCreedy,Ashlen,amccreedygi@nsw.gov.au,793
596,Pund,Miltie,mpundgj@merriam-webster.com,3300
597,Tomkys,Crista,ctomkysgk@aboutads.info,919
598,Flintuff,Bab,bflintuffgl@yolasite.com,4480
599,Derkes,Hermon,hderkesgm@photobucket.com,1009
600,Peaddie,Joli,jpeaddiegn@flavors.me,1698
601,Bruhnsen,Brigida,bbruhnsengo@instagram.com,4707
602,Howsden,Davy,dhowsdengp@washingtonpost.com,4530
603,Smeath,Dan,dsmeathgq@boston.com,3215
604,Bage,Ilyse,ibagegr@goo.gl,4261
605,Oganian,Farica,foganiangs@prnewswire.com,1909
606,Brand,Lauren,lbrandgt@businessweek.com,2071
607,Smeuin,Ernestus,esmeuingu@timesonline.co.uk,5000
608,Bowlesworth,Laurent,lbowlesworthgv@intel.com,4517
609,Bennit,Gail,gbennitgw@blogtalkradio.com,2575
610,De Angelis,Lisette,ldeangelisgx@twitter.com,3952
611,McCreary,Carolyne,cmccrearygy@ameblo.jp,3157
612,Gadsdon,Shawn,sgadsdongz@google.pl,677
613,Habbin,Lucina,lhabbinh0@about.me,3965
614,De Francesco,Hamid,hdefrancescoh1@weebly.com,3721
615,Lampet,Arlyne,alampeth2@twitter.com,4252
616,Arnson,Lulita,larnsonh3@eepurl.com,1370
617,Wintle,Nicolis,nwintleh4@pbs.org,4156
618,Sells,Arvin,asellsh5@toplist.cz,2789
619,Janz,Tymothy,tjanzh6@hc360.com,609
620,Laffin,Glenden,glaffinh7@fda.gov,3083
621,Drydale,Wallace,wdrydaleh8@google.com.br,3455
622,Keetch,Marthena,mkeetchh9@paginegialle.it,1110
623,Jakes,Teodoor,tjakesha@jiathis.com,4086
624,Yekel,Audy,ayekelhb@comcast.net,4927
625,Flintoff,Brien,bflintoffhc@woothemes.com,2342
626,Daltry,Gabi,gdaltryhd@nps.gov,1930
627,Riggey,Stephen,sriggeyhe@skyrock.com,4971
628,Goalby,Blanch,bgoalbyhf@exblog.jp,4713
629,Strood,Isa,istroodhg@dailymotion.com,621
630,Fernando,Melamie,mfernandohh@princeton.edu,4768
631,Drinkwater,Drusy,ddrinkwaterhi@facebook.com,4115
632,McClenaghan,Nicolais,nmcclenaghanhj@google.com.hk,881
633,Alekseev,Nanette,nalekseevhk@opensource.org,883
634,Allsebrook,Loralyn,lallsebrookhl@va.gov,1519
635,Dadswell,Candida,cdadswellhm@ow.ly,916
636,Gindghill,Ofilia,ogindghillhn@csmonitor.com,1739
637,Dewitt,Worthy,wdewittho@admin.ch,1127
638,Feechum,Lillis,lfeechumhp@google.ru,968
639,Delve,Yankee,ydelvehq@technorati.com,2607
640,Hardern,Claresta,chardernhr@walmart.com,4600
641,Kealy,Clare,ckealyhs@amazon.de,1392
642,Koopman,Tamiko,tkoopmanht@earthlink.net,4101
643,Bromont,Dominique,dbromonthu@php.net,3556
644,Farndon,Anastasie,afarndonhv@dion.ne.jp,1403
645,Emery,Lira,lemeryhw@google.co.jp,165
646,Whittall,Dyanna,dwhittallhx@ucoz.ru,2088
647,Vaskov,Hilario,hvaskovhy@google.com.br,1260
648,Medhurst,Andreana,amedhursthz@hexun.com,3448
649,Huey,Philippe,phueyi0@naver.com,675
650,Deeny,Abbey,adeenyi1@odnoklassniki.ru,2329
651,Fenge,Analise,afengei2@nba.com,109
652,Caveney,Powell,pcaveneyi3@usgs.gov,1857
653,Fuidge,Lissa,lfuidgei4@discuz.net,1276
654,de Clerc,Denney,ddeclerci5@cbslocal.com,95
655,Ruffli,Birgitta,brufflii6@geocities.jp,4097
656,Wallbridge,Angelika,awallbridgei7@squarespace.com,4033
657,Antognazzi,Danna,dantognazzii8@google.com.au,713
658,Pidon,Roxanna,rpidoni9@themeforest.net,4996
659,Antonacci,Erroll,eantonacciia@jiathis.com,1391
660,Gorriessen,Hanna,hgorriessenib@abc.net.au,2470
661,Seeman,Heidi,hseemanic@timesonline.co.uk,3122
662,Berens,Perle,pberensid@g.co,403
663,Norree,Ramona,rnorreeie@ihg.com,2861
664,Naptin,Izabel,inaptinif@ehow.com,1368
665,Bucklee,Henrieta,hbuckleeig@ebay.co.uk,2920
666,Gettins,Jeffy,jgettinsih@seattletimes.com,2129
667,Pirri,Ganny,gpirriii@tumblr.com,4831
668,O'Farris,Manuel,mofarrisij@liveinternet.ru,131
669,Deackes,Farra,fdeackesik@discuz.net,362
670,Ronnay,Natale,nronnayil@scribd.com,1633
671,Sorton,Gerda,gsortonim@opera.com,4802
672,Dimmick,Ally,adimmickin@cam.ac.uk,1602
673,Halmkin,Mollie,mhalmkinio@comsenz.com,3328
674,Slopier,Caressa,cslopierip@prlog.org,2466
675,Hobbert,Cordula,chobbertiq@washington.edu,3855
676,Ackland,Prissie,packlandir@vimeo.com,4959
677,Innott,Stacee,sinnottis@nature.com,270
678,Gorghetto,Julina,jgorghettoit@dailymail.co.uk,263
679,Reeman,Jenda,jreemaniu@studiopress.com,83
680,Gerlack,Dean,dgerlackiv@wufoo.com,3506
681,Gawkes,Franciska,fgawkesiw@1688.com,596
682,Travers,Tate,ttraversix@toplist.cz,401
683,Roskrug,Dolf,droskrugiy@blogspot.com,4661
684,Capinetti,Karisa,kcapinettiiz@pen.io,1124
685,Kaygill,Issie,ikaygillj0@tinypic.com,3244
686,Meier,Tracey,tmeierj1@vk.com,4024
687,Marven,Filberto,fmarvenj2@webeden.co.uk,3054
688,Bower,Damiano,dbowerj3@photobucket.com,3482
689,Conibeer,Shannon,sconibeerj4@youtube.com,321
690,Fretwell,Annecorinne,afretwellj5@narod.ru,2869
691,Betteriss,Finlay,fbetterissj6@admin.ch,216
692,Hadland,Devland,dhadlandj7@apple.com,4643
693,Giovannini,Correy,cgiovanninij8@mtv.com,994
694,Gillbard,Laurena,lgillbardj9@delicious.com,3061
695,Kenneway,Sholom,skennewayja@sourceforge.net,2248
696,Mattiessen,Merissa,mmattiessenjb@webs.com,1494
697,Deackes,Silvia,sdeackesjc@so-net.ne.jp,1030
698,Drayton,Aurel,adraytonjd@globo.com,4026
699,Booij,Valentine,vbooijje@vinaora.com,3968
700,Galvan,Carita,cgalvanjf@unblog.fr,3224
701,Prandin,Germaine,gprandinjg@wix.com,4924
702,Baccus,Evvie,ebaccusjh@friendfeed.com,2542
703,O'Brian,Gayla,gobrianji@sitemeter.com,2492
704,Prahl,Gretel,gprahljj@list-manage.com,4043
705,Braxay,Lida,lbraxayjk@prweb.com,4899
706,Aldwich,Stephannie,saldwichjl@dion.ne.jp,1859
707,D'Ambrogio,Ethan,edambrogiojm@meetup.com,1882
708,Molines,Austin,amolinesjn@bravesites.com,3668
709,Weyman,Merilyn,mweymanjo@google.es,2048
710,Poundsford,Darcy,dpoundsfordjp@epa.gov,4035
711,Norwell,Markus,mnorwelljq@issuu.com,1726
712,Basset,Raffarty,rbassetjr@photobucket.com,887
713,McRuvie,Leshia,lmcruviejs@mapy.cz,3130
714,Swire,Ellwood,eswirejt@sciencedirect.com,3674
715,Connachan,Thoma,tconnachanju@mediafire.com,4651
716,Janecek,Hollis,hjanecekjv@ocn.ne.jp,4037
717,Ibbetson,Sonny,sibbetsonjw@pinterest.com,4080
718,Haste,Fraser,fhastejx@typepad.com,648
719,Trent,Thaine,ttrentjy@i2i.jp,3405
720,MacVay,Doroteya,dmacvayjz@hubpages.com,3796
721,Carwithim,Nathaniel,ncarwithimk0@dropbox.com,4089
722,Rosbottom,Ricoriki,rrosbottomk1@oracle.com,676
723,Havock,Thorn,thavockk2@state.tx.us,1984
724,Saddleton,Cicely,csaddletonk3@acquirethisname.com,651
725,Hawler,Killian,khawlerk4@mapy.cz,684
726,Barby,Willem,wbarbyk5@wikia.com,1921
727,Hedney,Kameko,khedneyk6@bbc.co.uk,1917
728,Trengrouse,Trevar,ttrengrousek7@discuz.net,516
729,Treleven,Amalle,atrelevenk8@histats.com,3595
730,Greest,Chen,cgreestk9@nifty.com,269
731,Pane,Johnathan,jpaneka@fema.gov,4631
732,Bellamy,Francis,fbellamykb@pinterest.com,3482
733,Fettis,Irita,ifettiskc@ustream.tv,2834
734,Dalloway,Jori,jdallowaykd@163.com,1700
735,Jennemann,Becki,bjennemannke@reddit.com,4862
736,Padson,Barris,bpadsonkf@buzzfeed.com,1529
737,Cottey,Emmalynn,ecotteykg@spotify.com,2690
738,Leap,Myrah,mleapkh@wikipedia.org,953
739,Spurrior,Amby,aspurriorki@mozilla.com,3192
740,Sambidge,Linus,lsambidgekj@cloudflare.com,1412
741,Thickpenny,Sherill,sthickpennykk@linkedin.com,705
742,Balham,Joyann,jbalhamkl@loc.gov,563
743,Moppett,Addi,amoppettkm@51.la,4821
744,Allkins,Henrietta,hallkinskn@pen.io,4730
745,Sneezem,Betteanne,bsneezemko@i2i.jp,2348
746,Syder,Darryl,dsyderkp@earthlink.net,4432
747,Bygreaves,Loria,lbygreaveskq@jiathis.com,166
748,Jeckell,Vicki,vjeckellkr@hc360.com,4541
749,Shillom,Dante,dshillomks@ustream.tv,2108
750,Smallridge,Ignaz,ismallridgekt@booking.com,1490
751,Bazek,Fidelio,fbazekku@soup.io,1171
752,Wiburn,Joanne,jwiburnkv@geocities.jp,2663
753,McMichell,Lizette,lmcmichellkw@aol.com,4268
754,Whitebread,Pollyanna,pwhitebreadkx@tripod.com,3776
755,Shortcliffe,Madelena,mshortcliffeky@unblog.fr,1292
756,Churchward,Lexi,lchurchwardkz@ameblo.jp,4507
757,Itzak,Alysa,aitzakl0@hhs.gov,2165
758,Barkess,Sibyl,sbarkessl1@gov.uk,139
759,Antognoni,Karlan,kantognonil2@pcworld.com,1463
760,A'field,Leo,lafieldl3@etsy.com,967
761,Whiskin,Paola,pwhiskinl4@opera.com,3065
762,Menco,Dewain,dmencol5@google.co.jp,4191
763,Branton,Querida,qbrantonl6@google.com,905
764,Valentine,Marybeth,mvalentinel7@artisteer.com,2003
765,Howerd,Chrissy,chowerdl8@taobao.com,4300
766,McKeighen,Vivian,vmckeighenl9@cdbaby.com,4360
767,Bondar,Ada,abondarla@home.pl,2000
768,Markwelley,Bonita,bmarkwelleylb@purevolume.com,1542
769,Radnedge,Kimberli,kradnedgelc@e-recht24.de,3257
770,McGrale,Angeli,amcgraleld@hc360.com,494
771,Southby,Erina,esouthbyle@businessweek.com,4834
772,Brenton,Efrem,ebrentonlf@uiuc.edu,2883
773,Gideon,Jennie,jgideonlg@squarespace.com,4450
774,Shippey,Woodman,wshippeylh@sphinn.com,232
775,Speer,Geri,gspeerli@eventbrite.com,4194
776,Comoletti,Griffin,gcomolettilj@wufoo.com,1847
777,Roake,Reider,rroakelk@earthlink.net,4154
778,Mayhow,Morena,mmayhowll@ftc.gov,165
779,Stummeyer,Leanor,lstummeyerlm@scribd.com,4600
780,Hitzschke,Elisabeth,ehitzschkeln@flickr.com,131
781,Mahood,Athena,amahoodlo@addthis.com,2411
782,Gatley,Darrick,dgatleylp@imgur.com,730
783,Launder,Thomasine,tlaunderlq@spotify.com,3353
784,Milberry,Adi,amilberrylr@kickstarter.com,858
785,Smeal,Rutledge,rsmealls@answers.com,123
786,Carn,Alden,acarnlt@scribd.com,1471
787,O'Rourke,Tallie,torourkelu@paypal.com,1446
788,Ceci,Gib,gcecilv@123-reg.co.uk,326
789,Loody,Parrnell,ploodylw@altervista.org,186
790,Habbergham,Tabbi,thabberghamlx@paypal.com,3738
791,Kloser,Freedman,fkloserly@netlog.com,2727
792,Espinoy,Cortney,cespinoylz@ycombinator.com,4608
793,Chretien,Bernadette,bchretienm0@printfriendly.com,4665
794,Sadgrove,Bud,bsadgrovem1@google.cn,3937
795,Butterworth,Erena,ebutterworthm2@fotki.com,1058
796,Woof,Quincey,qwoofm3@ihg.com,707
797,Haine,Cindee,chainem4@unesco.org,4588
798,Alelsandrovich,Elissa,ealelsandrovichm5@sogou.com,3665
799,Elliman,Cesar,cellimanm6@japanpost.jp,3797
800,Plumbe,Trisha,tplumbem7@naver.com,4280
801,Gayden,Ingamar,igaydenm8@jimdo.com,2274
802,Filasov,Dacia,dfilasovm9@sakura.ne.jp,2753
803,Castle,Koral,kcastlema@independent.co.uk,1613
804,Marriott,Tonia,tmarriottmb@cloudflare.com,4246
805,Wratten,Cortney,cwrattenmc@imageshack.us,3524
806,Boyan,Robin,rboyanmd@indiegogo.com,2217
807,Domanek,Reggie,rdomanekme@google.nl,2580
808,McElmurray,Teresina,tmcelmurraymf@topsy.com,4248
809,Bowling,Carolann,cbowlingmg@jugem.jp,2727
810,D'Adda,Basilius,bdaddamh@chron.com,2694
811,Estcot,Nance,nestcotmi@reference.com,993
812,Franseco,Bobbi,bfransecomj@soup.io,4754
813,Bottell,Paxon,pbottellmk@cargocollective.com,4619
814,Toquet,Tera,ttoquetml@patch.com,4603
815,Bosnell,Wilek,wbosnellmm@webmd.com,594
816,M'cowis,Dierdre,dmcowismn@ca.gov,2473
817,Blues,Drona,dbluesmo@i2i.jp,4880
818,Dmitriev,Janek,jdmitrievmp@indiegogo.com,3126
819,Dagg,Miner,mdaggmq@wisc.edu,2986
820,Grayer,Cariotta,cgrayermr@nps.gov,4596
821,Wise,Teddi,twisems@phoca.cz,1921
822,Vanyukhin,Daisy,dvanyukhinmt@google.es,666
823,Kniveton,Ralph,rknivetonmu@epa.gov,4552
824,Tilmouth,Ilene,itilmouthmv@youtube.com,3388
825,Kiera,Sara-ann,skieramw@desdev.cn,2333
826,Uwins,Orran,ouwinsmx@slashdot.org,160
827,Giacopello,Munmro,mgiacopellomy@imageshack.us,1704
828,Odam,Calv,codammz@gizmodo.com,2291
829,Fardoe,Aeriel,afardoen0@skyrock.com,2582
830,Forrest,Welbie,wforrestn1@ehow.com,3404
831,Feakins,Corabella,cfeakinsn2@home.pl,2518
832,Twigg,Aretha,atwiggn3@i2i.jp,4746
833,Mirfin,Lonnard,lmirfinn4@digg.com,3620
834,Boorer,Hinze,hboorern5@livejournal.com,3962
835,Edwardson,Winslow,wedwardsonn6@nytimes.com,4796
836,Shankland,Elvira,eshanklandn7@comcast.net,2647
837,Bartelet,Gabby,gbarteletn8@about.com,625
838,Biasotti,Kristo,kbiasottin9@youtu.be,608
839,McNevin,Nadia,nmcnevinna@amazon.co.uk,3616
840,Yaakov,Elsinore,eyaakovnb@addtoany.com,4573
841,Iddens,Conni,ciddensnc@yahoo.co.jp,242
842,Bromilow,John,jbromilownd@elegantthemes.com,1760
843,Pomphrey,Agretha,apomphreyne@tuttocitta.it,1098
844,Skune,Eduino,eskunenf@nifty.com,3260
845,Monni,Dollie,dmonning@examiner.com,4926
846,Ort,Chantalle,cortnh@cdbaby.com,1320
847,Innett,Milka,minnettni@barnesandnoble.com,1967
848,Filyaev,Korey,kfilyaevnj@istockphoto.com,2949
849,Gribben,Jasper,jgribbennk@t.co,221
850,Levecque,Cozmo,clevecquenl@sphinn.com,524
851,Largan,Tedra,tlargannm@canalblog.com,3683
852,Adami,Josefa,jadaminn@moonfruit.com,1825
853,Staniland,Theodosia,tstanilandno@tripadvisor.com,4282
854,Craney,Forester,fcraneynp@1688.com,1269
855,Wickstead,Chrissy,cwicksteadnq@amazon.com,1410
856,Haily,Gayler,ghailynr@reverbnation.com,3886
857,Pochet,Baron,bpochetns@instagram.com,3052
858,Blasl,Laryssa,lblaslnt@wikimedia.org,1460
859,Kirwan,Hephzibah,hkirwannu@buzzfeed.com,614
860,Rapo,Jacquie,jraponv@zdnet.com,4962
861,Rosenzwig,Hieronymus,hrosenzwignw@dailymotion.com,2961
862,Redshaw,Marillin,mredshawnx@hhs.gov,31
863,Littefair,Ginevra,glittefairny@microsoft.com,3568
864,Wabe,Ermanno,ewabenz@eventbrite.com,215
865,Marvelley,Lucia,lmarvelleyo0@zdnet.com,994
866,Dudny,Gabriel,gdudnyo1@storify.com,1195
867,McGee,Margareta,mmcgeeo2@squidoo.com,4696
868,De-Ville,Reggie,rdevilleo3@prlog.org,3393
869,Midlar,Arlyn,amidlaro4@si.edu,4142
870,Pheby,Frasco,fphebyo5@amazon.com,2315
871,D'Antuoni,Brittan,bdantuonio6@hubpages.com,603
872,Casini,Alistair,acasinio7@independent.co.uk,2735
873,Howlings,Ambrosi,ahowlingso8@engadget.com,4555
874,Dyball,Boote,bdyballo9@nature.com,268
875,Pencot,Melita,mpencotoa@gizmodo.com,3533
876,St. John,Iggie,istjohnob@npr.org,4788
877,Davio,Carolus,cdaviooc@japanpost.jp,4622
878,Hiscoke,Cordey,chiscokeod@tripod.com,4227
879,Bemlott,Quintus,qbemlottoe@qq.com,275
880,Flaunders,Salaidh,sflaundersof@mozilla.org,2995
881,Avrahamian,Randi,ravrahamianog@4shared.com,1161
882,Gibard,Emanuel,egibardoh@cisco.com,726
883,Dodswell,Mandel,mdodswelloi@state.tx.us,1484
884,Tunnacliffe,Kaleb,ktunnacliffeoj@over-blog.com,1825
885,Spenton,Francesco,fspentonok@rambler.ru,706
886,Haspineall,Lisa,lhaspineallol@patch.com,65
887,Deadman,Merwin,mdeadmanom@answers.com,4176
888,Runge,Starr,srungeon@photobucket.com,608
889,Kibard,Temp,tkibardoo@diigo.com,2262
890,Forstall,Cassandry,cforstallop@gnu.org,68
891,Wheeler,Sandor,swheeleroq@sfgate.com,3720
892,Hateley,Ernestine,ehateleyor@multiply.com,1270
893,Pere,Ernesta,epereos@behance.net,268
894,Bastable,Rina,rbastableot@java.com,3743
895,Fritschmann,Lara,lfritschmannou@nifty.com,2740
896,Collete,Ann,acolleteov@msu.edu,3905
897,Westwood,Gabriella,gwestwoodow@cdc.gov,1294
898,Stubbert,Viola,vstubbertox@example.com,2534
899,Broggini,Galvin,gbrogginioy@loc.gov,4707
900,Witty,Cassaundra,cwittyoz@jimdo.com,382
901,Rushbury,Benjamen,brushburyp0@sourceforge.net,3865
902,Garvin,Ailbert,agarvinp1@uiuc.edu,4443
903,Haresnape,Lucas,lharesnapep2@un.org,1745
904,Stuehmeier,Joye,jstuehmeierp3@blogtalkradio.com,1599
905,Scane,Griselda,gscanep4@nature.com,3626
906,Digges,Catrina,cdiggesp5@blinklist.com,4163
907,Bracegirdle,Gennifer,gbracegirdlep6@ycombinator.com,1107
908,Gerritzen,Annis,agerritzenp7@hubpages.com,750
909,Schohier,Cornelle,cschohierp8@latimes.com,691
910,Tarren,Emalee,etarrenp9@slideshare.net,2392
911,Esherwood,Clarinda,cesherwoodpa@house.gov,3619
912,Cleall,Bethina,bcleallpb@businesswire.com,257
913,Vallance,Antone,avallancepc@examiner.com,1198
914,Eadie,Ruthe,readiepd@comsenz.com,922
915,Tooke,Damon,dtookepe@redcross.org,1219
916,Finan,Haroun,hfinanpf@skype.com,2985
917,Bisco,Gabey,gbiscopg@hao123.com,1765
918,Brunn,Alphard,abrunnph@gnu.org,3307
919,Dowthwaite,Mar,mdowthwaitepi@typepad.com,4353
920,Kenan,Aprilette,akenanpj@twitter.com,2341
921,Yakobowitch,Tasha,tyakobowitchpk@barnesandnoble.com,4830
922,Metrick,Gaspar,gmetrickpl@storify.com,2995
923,Pullen,Gaye,gpullenpm@va.gov,4942
924,Camies,Nicol,ncamiespn@bing.com,1579
925,Lewnden,Susana,slewndenpo@gnu.org,3202
926,Stephens,Andy,astephenspp@squidoo.com,405
927,Gladden,Donnie,dgladdenpq@sakura.ne.jp,4820
928,Crittal,Christan,ccrittalpr@tiny.cc,3228
929,Couroy,Ignazio,icouroyps@pen.io,834
930,Thebeau,Dionne,dthebeaupt@reuters.com,2605
931,Ronchi,Quintin,qronchipu@woothemes.com,1678
932,Rapp,Leeland,lrapppv@uiuc.edu,3186
933,Corbie,Jacintha,jcorbiepw@hexun.com,2683
934,Wykes,Rick,rwykespx@state.tx.us,103
935,Annear,Stephan,sannearpy@issuu.com,3002
936,Kirvell,Izak,ikirvellpz@goo.ne.jp,801
937,Cathee,Gustie,gcatheeq0@psu.edu,2087
938,O'Halligan,Gusty,gohalliganq1@utexas.edu,32
939,Balbeck,Winfield,wbalbeckq2@wiley.com,4397
940,Fullegar,Sutherland,sfullegarq3@instagram.com,4646
941,Tullis,Johny,jtullisq4@intel.com,2856
942,Defew,Dinah,ddefewq5@goo.gl,1150
943,Mulholland,Alec,amulhollandq6@blog.com,784
944,Riggulsford,Dulcia,driggulsfordq7@ihg.com,2450
945,Bernardo,Catlin,cbernardoq8@storify.com,1071
946,Offen,Minetta,moffenq9@theglobeandmail.com,353
947,Callis,Lamar,lcallisqa@intel.com,1655
948,Fell,Clarisse,cfellqb@fc2.com,3636
949,Buttrey,Cecily,cbuttreyqc@marketwatch.com,3766
950,MacAlees,Sandie,smacaleesqd@state.gov,2274
951,Hackett,Wallis,whackettqe@unicef.org,287
952,Deamer,Tanny,tdeamerqf@nba.com,674
953,Thomsen,Benyamin,bthomsenqg@independent.co.uk,2306
954,Priestland,Sidney,spriestlandqh@printfriendly.com,1548
955,Twitching,Daile,dtwitchingqi@wired.com,2687
956,Hasel,Darsey,dhaselqj@fotki.com,901
957,Manis,Beatriz,bmanisqk@reddit.com,1579
958,Capini,Deanna,dcapiniql@shop-pro.jp,403
959,Cassar,Toby,tcassarqm@etsy.com,2915
960,Hamshar,Berkley,bhamsharqn@craigslist.org,2533
961,Salmond,Lauren,lsalmondqo@answers.com,1096
962,Zimmermanns,Charita,czimmermannsqp@ucsd.edu,2845
963,Dickson,Marten,mdicksonqq@cornell.edu,2882
964,Videneev,Phillip,pvideneevqr@dyndns.org,21
965,Dillingstone,Loutitia,ldillingstoneqs@nifty.com,1887
966,Crease,Vladimir,vcreaseqt@ucoz.com,90
967,Fitchett,Pansie,pfitchettqu@hostgator.com,4168
968,Petchell,Gelya,gpetchellqv@illinois.edu,925
969,Hellin,Abram,ahellinqw@netlog.com,2850
970,Dowzell,Ker,kdowzellqx@globo.com,2295
971,Ettery,Cherida,cetteryqy@tripadvisor.com,1117
972,Chanson,Monika,mchansonqz@webnode.com,321
973,Raine,Jenny,jrainer0@skype.com,3715
974,Milam,Garret,gmilamr1@storify.com,752
975,Harte,Sigmund,sharter2@dell.com,1172
976,Martina,Hedvige,hmartinar3@buzzfeed.com,116
977,Southworth,Cammy,csouthworthr4@photobucket.com,3880
978,Rackley,Jemimah,jrackleyr5@flavors.me,3310
979,Griffithe,Janie,jgriffither6@themeforest.net,898
980,Lovstrom,Klara,klovstromr7@pcworld.com,3717
981,Koppel,Banky,bkoppelr8@state.tx.us,1115
982,Gammidge,Yuri,ygammidger9@ning.com,1711
983,Mazdon,Sybille,smazdonra@163.com,2233
984,Burder,Nixie,nburderrb@youtu.be,2669
985,Percival,Eustacia,epercivalrc@macromedia.com,965
986,MacCahey,Cecelia,cmaccaheyrd@statcounter.com,2424
987,Works,Lorrin,lworksre@xing.com,989
988,Purdom,Dredi,dpurdomrf@java.com,2968
989,Yurinov,Marice,myurinovrg@hubpages.com,3024
990,Valiant,Wilmette,wvaliantrh@go.com,428
991,Iiannone,Donalt,diiannoneri@yandex.ru,1709
992,Ashlin,Elwira,eashlinrj@soundcloud.com,1566
993,Earngy,Thaine,tearngyrk@photobucket.com,2390
994,Ebenezer,Taddeo,tebenezerrl@admin.ch,3318
995,Sturges,Rutherford,rsturgesrm@prweb.com,4
996,Shakspeare,Layton,lshakspearern@dedecms.com,3150
997,Stother,Mickie,mstotherro@state.tx.us,1564
998,Wardley,Philip,pwardleyrp@webeden.co.uk,5
999,Hek,Orson,ohekrq@slideshare.net,1136
1000,Cobello,Jarred,jcobellorr@smugmug.com,2321
